uniqueID,
185_Glennview_LF_third,yup new
199_Glennview_LF_first,yup new
199_Glennview_LF_third,yup new
585_BJ_RH_third,yup new
Ambrosia_Lynd_RH_third,NEW but should already have this extraction
bigred_StonyPond_LH_second,yup new
esme_vonTrapp_RF_second,yup new
fitzi13_Paddlebridge_RF_first,yup new
fitzi13_Paddlebridge_RF_second,yup new
fitzi13_Paddlebridge_RF_third,yup new
gronk22_Paddlebridge_RH_second,yup new
hosana_vonTrapp_LF_first,yup new
hosana_vonTrapp_LF_second,yup new
hosana_vonTrapp_LF_third,yup new
kowabunga_Lynd_LF_first,yup new
kowabunga_Lynd_LF_third,yup new
Lilac_Butterworks_LH_first,yup new
Lilac_Butterworks_LH_second,yup new
Lilac_Butterworks_LH_third,yup new
marney382_Paddlebridge_LH_first,yup new
marney382_Paddlebridge_LH_second,yup new
marney382_Paddlebridge_LH_third,yup new
mustache_Lynd_RH_first,yup new
mustache_Lynd_RH_third,yup new
simply314_Paddlebridge_LH_first,yup new
simply314_Paddlebridge_LH_second,yup new
simply314_Paddlebridge_LH_third,yup new
skyler_Swallowdale_LH_first,yup new
skyler_Swallowdale_LH_second,yup new
skyler_Swallowdale_LH_third,yup new
